timestep,iter,time,PLV_3D,PACT_3D,VLV_3D,VLV_0D,PAO_0D,QAO_0D,QMV_0D,PLV_0D,Pfill_0D
1.0,2.0,0.0,6.01,0.0,37.68434652898006,120.4999999999941,59.970007498753105,5.897000749875311e-9,500.0,1.0,6.0
1.0,3.0,0.0,6.01,0.0,37.68434652898006,119.9999999999946,59.97000749875286,5.396000749875286e-9,9.999999999999788e-13,6.01,6.0
1.0,4.0,0.0,6.01,0.0,37.68434652898006,119.9999999999946,59.97000749875286,5.396000749875286e-9,9.999999999999788e-13,6.01,6.0
1.0,5.0,0.0,6.01,0.0,37.68434652898006,119.9999999999946,59.97000749875286,5.396000749875286e-9,9.999999999999788e-13,6.01,6.0
1.0,6.0,0.0,6.01,0.0,37.68434652898006,119.9999999999946,59.97000749875286,5.396000749875286e-9,9.999999999999788e-13,6.01,6.0
1.0,7.0,0.0,6.01,0.0,37.68434652898006,119.9999999999946,59.97000749875286,5.396000749875286e-9,9.999999999999788e-13,6.01,6.0
2.0,1.0,0.001,6.01,0.0,37.68434652898006,119.9999999999946,59.97000749875286,5.396000749875286e-9,9.999999999999788e-13,6.01,6.0
